{"count":1,"self":312.00529919999997,"total":942.46791179999991,"children":{"InitializeActuators":{"count":1,"self":0.0016032,"total":0.0016032,"children":null},"InitializeSensors":{"count":1,"self":0.0042553999999999995,"total":0.0042553999999999995,"children":null},"AgentSendState":{"count":438417,"self":16.6147504,"total":48.9386686,"children":{"CollectObservations":{"count":43842,"self":0.24242139999999998,"total":0.24242139999999998,"children":null},"WriteActionMask":{"count":43842,"self":0.0639275,"total":0.0639275,"children":null},"RequestDecision":{"count":43842,"self":0.45002159999999997,"total":32.0175686,"children":{"AgentInfo.ToProto":{"count":43842,"self":0.5858531,"total":31.567546999999998,"children":{"GenerateSensorData":{"count":43842,"self":30.1587264,"total":30.9816939,"children":{"RayPerceptionSensor.Perceive":{"count":219210,"self":0.82296649999999993,"total":0.82296649999999993,"children":null}}}}}}}}},"DecideAction":{"count":438417,"self":378.1636096,"total":378.1636057,"children":null},"AgentAct":{"count":438417,"self":202.6480512,"total":203.353377,"children":{"AgentInfo.ToProto":{"count":875,"self":0.0114745,"total":0.70532719999999993,"children":{"GenerateSensorData":{"count":875,"self":0.6821531,"total":0.6938527,"children":{"RayPerceptionSensor.Perceive":{"count":4375,"self":0.0116996,"total":0.0116996,"children":null}}}}}}}},"gauges":{"CubeAgent.CumulativeReward":{"count":875,"max":23.53056,"min":-3.90601826,"runningAverage":-0.660613537,"value":-0.74638623,"weightedAverage":-1.17844176}},"metadata":{"timer_format_version":"0.1.0","start_time_seconds":"1746901535","unity_version":"6000.0.36f1","command_line_arguments":"C:\\Program Files\\Unity\\Hub\\Editor\\6000.0.36f1\\Editor\\Unity.exe -projectpath C:\\Users\\brent\\Documents\\AP\\Local\\2ITIOT1\\VR Experience\\project-vr-experience-RobinBreugelmans-S -useHub -hubIPC -cloudEnvironment production","communication_protocol_version":"1.5.0","com.unity.ml-agents_version":"3.0.0","scene_name":"MLScene","end_time_seconds":"1746902478"}}