{"count":1,"self":896.4033536,"total":2400.0704569,"children":{"InitializeActuators":{"count":1,"self":0.0015853999999999998,"total":0.0015853999999999998,"children":null},"InitializeSensors":{"count":1,"self":0.0031788999999999997,"total":0.0031788999999999997,"children":null},"AgentSendState":{"count":924051,"self":63.5854976,"total":138.4793604,"children":{"CollectObservations":{"count":92406,"self":0.736331,"total":0.736331,"children":null},"WriteActionMask":{"count":92406,"self":0.1606612,"total":0.1606612,"children":null},"RequestDecision":{"count":92406,"self":1.0898979,"total":73.996871599999992,"children":{"AgentInfo.ToProto":{"count":92406,"self":1.1769427,"total":72.9069737,"children":{"GenerateSensorData":{"count":92406,"self":68.9712128,"total":71.730031,"children":{"RayPerceptionSensor.Perceive":{"count":831654,"self":2.758815,"total":2.758815,"children":null}}}}}}}}},"DecideAction":{"count":924051,"self":926.14871039999991,"total":926.14874979999991,"children":null},"AgentAct":{"count":924051,"self":425.56503039999996,"total":439.03220719999996,"children":{"AgentInfo.ToProto":{"count":15999,"self":0.23381949999999999,"total":13.4671723,"children":{"GenerateSensorData":{"count":15999,"self":12.716199999999999,"total":13.233352799999999,"children":{"RayPerceptionSensor.Perceive":{"count":143991,"self":0.5171527,"total":0.5171527,"children":null}}}}}}}},"gauges":{"CubeAgent.CumulativeReward":{"count":15999,"max":39.2121239,"min":-0.4,"runningAverage":1.77713084,"value":10.6657238,"weightedAverage":3.19726658}},"metadata":{"timer_format_version":"0.1.0","start_time_seconds":"1747144724","unity_version":"6000.0.36f1","command_line_arguments":"C:\\Program Files\\Unity\\Hub\\Editor\\6000.0.36f1\\Editor\\Unity.exe -projectpath C:\\Users\\brent\\Documents\\AP\\Local\\2ITIOT1\\VR Experience\\project-vr-experience-RobinBreugelmans-S -useHub -hubIPC -cloudEnvironment production","communication_protocol_version":"1.5.0","com.unity.ml-agents_version":"3.0.0","scene_name":"MLScene","end_time_seconds":"1747147124"}}