{
    "name": "root",
    "gauges": {
        "CubeAgent.Policy.Entropy.mean": {
            "value": 1.182394027709961,
            "min": 1.182394027709961,
            "max": 1.4234031438827515,
            "count": 100
        },
        "CubeAgent.Policy.Entropy.sum": {
            "value": 2364.7880859375,
            "min": 2353.26220703125,
            "max": 2869.2333984375,
            "count": 100
        },
        "CubeAgent.Environment.EpisodeLength.mean": {
            "value": 6.751937984496124,
            "min": 6.5606060606060606,
            "max": 47.41025641025641,
            "count": 100
        },
        "CubeAgent.Environment.EpisodeLength.sum": {
            "value": 1742.0,
            "min": 1732.0,
            "max": 2057.0,
            "count": 100
        },
        "CubeAgent.Step.mean": {
            "value": 199996.0,
            "min": 1960.0,
            "max": 199996.0,
            "count": 100
        },
        "CubeAgent.Step.sum": {
            "value": 199996.0,
            "min": 1960.0,
            "max": 199996.0,
            "count": 100
        },
        "CubeAgent.Policy.ExtrinsicValueEstimate.mean": {
            "value": 1.83935546875,
            "min": -0.883039116859436,
            "max": 1.8494510650634766,
            "count": 100
        },
        "CubeAgent.Policy.ExtrinsicValueEstimate.sum": {
            "value": 474.5537109375,
            "min": -98.78376007080078,
            "max": 488.25506591796875,
            "count": 100
        },
        "CubeAgent.Environment.CumulativeReward.mean": {
            "value": 1.8638876172923302,
            "min": -1.22066663702329,
            "max": 1.923928052186966,
            "count": 100
        },
        "CubeAgent.Environment.CumulativeReward.sum": {
            "value": 480.8830052614212,
            "min": -101.28399884700775,
            "max": 507.917005777359,
            "count": 100
        },
        "CubeAgent.Policy.ExtrinsicReward.mean": {
            "value": 1.8638876172923302,
            "min": -1.22066663702329,
            "max": 1.923928052186966,
            "count": 100
        },
        "CubeAgent.Policy.ExtrinsicReward.sum": {
            "value": 480.8830052614212,
            "min": -101.28399884700775,
            "max": 507.917005777359,
            "count": 100
        },
        "CubeAgent.Losses.PolicyLoss.mean": {
            "value": 0.06938932362099877,
            "min": 0.05266115982376505,
            "max": 0.08008966585621238,
            "count": 100
        },
        "CubeAgent.Losses.PolicyLoss.sum": {
            "value": 0.13877864724199754,
            "min": 0.053793246601708235,
            "max": 0.16017933171242477,
            "count": 100
        },
        "CubeAgent.Losses.ValueLoss.mean": {
            "value": 0.17216133213369175,
            "min": 0.013808301941026002,
            "max": 1.3356095746159555,
            "count": 100
        },
        "CubeAgent.Losses.ValueLoss.sum": {
            "value": 0.3443226642673835,
            "min": 0.027616603882052004,
            "max": 2.671219149231911,
            "count": 100
        },
        "CubeAgent.Policy.LearningRate.mean": {
            "value": 9.600996800000108e-07,
            "min": 9.600996800000108e-07,
            "max": 0.00029844900051699996,
            "count": 100
        },
        "CubeAgent.Policy.LearningRate.sum": {
            "value": 1.9201993600000217e-06,
            "min": 1.9201993600000217e-06,
            "max": 0.0005922285025904999,
            "count": 100
        },
        "CubeAgent.Policy.Epsilon.mean": {
            "value": 0.10032000000000002,
            "min": 0.10032000000000002,
            "max": 0.19948300000000002,
            "count": 100
        },
        "CubeAgent.Policy.Epsilon.sum": {
            "value": 0.20064000000000004,
            "min": 0.11550450000000001,
            "max": 0.39740949999999997,
            "count": 100
        },
        "CubeAgent.Policy.Beta.mean": {
            "value": 0.0005,
            "min": 0.0005,
            "max": 0.0005,
            "count": 100
        },
        "CubeAgent.Policy.Beta.sum": {
            "value": 0.001,
            "min": 0.0005,
            "max": 0.001,
            "count": 100
        },
        "CubeAgent.IsTraining.mean": {
            "value": 1.0,
            "min": 1.0,
            "max": 1.0,
            "count": 100
        },
        "CubeAgent.IsTraining.sum": {
            "value": 1.0,
            "min": 1.0,
            "max": 1.0,
            "count": 100
        }
    },
    "metadata": {
        "timer_format_version": "0.1.0",
        "start_time_seconds": "1747901822",
        "python_version": "3.9.21 (main, Dec 11 2024, 16:35:24) [MSC v.1929 64 bit (AMD64)]",
        "command_line_arguments": "C:\\Users\\brent\\anaconda3\\envs\\ML_agents\\Scripts\\mlagents-learn config/CubeAgent.yaml --run-id=CubeAgent10 --force",
        "mlagents_version": "0.30.0",
        "mlagents_envs_version": "0.30.0",
        "communication_protocol_version": "1.5.0",
        "pytorch_version": "1.7.1+cu110",
        "numpy_version": "1.21.2",
        "end_time_seconds": "1747906660"
    },
    "total": 4837.919700799999,
    "count": 1,
    "self": 0.03301309999915247,
    "children": {
        "run_training.setup": {
            "total": 0.10844670000000001,
            "count": 1,
            "self": 0.10844670000000001
        },
        "TrainerController.start_learning": {
            "total": 4837.778241,
            "count": 1,
            "self": 6.368307800036746,
            "children": {
                "TrainerController._reset_env": {
                    "total": 37.2805848,
                    "count": 1,
                    "self": 37.2805848
                },
                "TrainerController.advance": {
                    "total": 4793.859697499964,
                    "count": 215984,
                    "self": 4.980199900123807,
                    "children": {
                        "env_step": {
                            "total": 4587.20885869998,
                            "count": 215984,
                            "self": 4226.3474593000265,
                            "children": {
                                "SubprocessEnvManager._take_step": {
                                    "total": 357.12088169991966,
                                    "count": 215984,
                                    "self": 16.94995909999608,
                                    "children": {
                                        "TorchPolicy.evaluate": {
                                            "total": 340.1709225999236,
                                            "count": 200001,
                                            "self": 340.1709225999236
                                        }
                                    }
                                },
                                "workers": {
                                    "total": 3.7405177000340544,
                                    "count": 215984,
                                    "self": 0.0,
                                    "children": {
                                        "worker_root": {
                                            "total": 4794.404624000052,
                                            "count": 215984,
                                            "is_parallel": true,
                                            "self": 886.603821000152,
                                            "children": {
                                                "steps_from_proto": {
                                                    "total": 0.0087471999999984,
                                                    "count": 1,
                                                    "is_parallel": true,
                                                    "self": 0.00234400000000079,