{
    "name": "root",
    "gauges": {
        "CubeAgent.Policy.Entropy.mean": {
            "value": 1.3836407661437988,
            "min": 1.3836407661437988,
            "max": 1.4162933826446533,
            "count": 50
        },
        "CubeAgent.Policy.Entropy.sum": {
            "value": 2796.337890625,
            "min": 2740.02783203125,
            "max": 2865.16162109375,
            "count": 50
        },
        "CubeAgent.Environment.EpisodeLength.mean": {
            "value": 16.57391304347826,
            "min": 14.315384615384616,
            "max": 85.25,
            "count": 50
        },
        "CubeAgent.Environment.EpisodeLength.sum": {
            "value": 1906.0,
            "min": 1841.0,
            "max": 2083.0,
            "count": 50
        },
        "CubeAgent.Step.mean": {
            "value": 99993.0,
            "min": 1959.0,
            "max": 99993.0,
            "count": 50
        },
        "CubeAgent.Step.sum": {
            "value": 99993.0,
            "min": 1959.0,
            "max": 99993.0,
            "count": 50
        },
        "CubeAgent.Policy.ExtrinsicValueEstimate.mean": {
            "value": 0.8005422353744507,
            "min": -0.8974432349205017,
            "max": 0.8005422353744507,
            "count": 50
        },
        "CubeAgent.Policy.ExtrinsicValueEstimate.sum": {
            "value": 92.0623550415039,
            "min": -55.69841003417969,
            "max": 92.96157836914062,
            "count": 50
        },
        "CubeAgent.Environment.CumulativeReward.mean": {
            "value": 1.1136695778888204,
            "min": -1.5859564439110134,
            "max": 1.1136695778888204,
            "count": 50
        },
        "CubeAgent.Environment.CumulativeReward.sum": {
            "value": 128.07200145721436,
            "min": -68.23299819231033,
            "max": 128.07200145721436,
            "count": 50
        },
        "CubeAgent.Policy.ExtrinsicReward.mean": {
            "value": 1.1136695778888204,
            "min": -1.5859564439110134,
            "max": 1.1136695778888204,
            "count": 50
        },
        "CubeAgent.Policy.ExtrinsicReward.sum": {
            "value": 128.07200145721436,
            "min": -68.23299819231033,
            "max": 128.07200145721436,
            "count": 50
        },
        "CubeAgent.Losses.PolicyLoss.mean": {
            "value": 0.06370935323939193,
            "min": 0.05061882325971965,
            "max": 0.07547548488510075,
            "count": 50
        },
        "CubeAgent.Losses.PolicyLoss.sum": {
            "value": 0.12741870647878387,
            "min": 0.05723227974958718,
            "max": 0.1509509697702015,
            "count": 50
        },
        "CubeAgent.Losses.ValueLoss.mean": {
            "value": 1.2724748894572258,
            "min": 0.012966574635356665,
            "max": 1.396602064371109,
            "count": 50
        },
        "CubeAgent.Losses.ValueLoss.sum": {
            "value": 2.5449497789144515,
            "min": 0.012966574635356665,
            "max": 2.679698121547699,
            "count": 50
        },
        "CubeAgent.Policy.LearningRate.mean": {
            "value": 3.9585986805000035e-06,
            "min": 3.9585986805000035e-06,
            "max": 0.000296895001035,
            "count": 50
        },
        "CubeAgent.Policy.LearningRate.sum": {
            "value": 7.917197361000007e-06,
            "min": 7.917197361000007e-06,
            "max": 0.0005843580052139999,
            "count": 50
        },
        "CubeAgent.Policy.Epsilon.mean": {
            "value": 0.1013195,
            "min": 0.1013195,
            "max": 0.198965,
            "count": 50
        },
        "CubeAgent.Policy.Epsilon.sum": {
            "value": 0.202639,
            "min": 0.10699800000000001,
            "max": 0.394786,
            "count": 50
        },
        "CubeAgent.Policy.Beta.mean": {
            "value": 0.0005,
            "min": 0.0005,
            "max": 0.0005,
            "count": 50
        },
        "CubeAgent.Policy.Beta.sum": {
            "value": 0.001,
            "min": 0.0005,
            "max": 0.001,
            "count": 50
        },
        "CubeAgent.IsTraining.mean": {
            "value": 1.0,
            "min": 1.0,
            "max": 1.0,
            "count": 50
        },
        "CubeAgent.IsTraining.sum": {
            "value": 1.0,
            "min": 1.0,
            "max": 1.0,
            "count": 50
        }
    },
    "metadata": {
        "timer_format_version": "0.1.0",
        "start_time_seconds": "1747836773",
        "python_version": "3.9.21 (main, Dec 11 2024, 16:35:24) [MSC v.1929 64 bit (AMD64)]",
        "command_line_arguments": "C:\\Users\\brent\\anaconda3\\envs\\ML_agents\\Scripts\\mlagents-learn config/CubeAgent.yaml --run-id=CubeAgent --force",
        "mlagents_version": "0.30.0",
        "mlagents_envs_version": "0.30.0",
        "communication_protocol_version": "1.5.0",
        "pytorch_version": "1.7.1+cu110",
        "numpy_version": "1.21.2",
        "end_time_seconds": "1747838840"
    },
    "total": 2067.0669181,
    "count": 1,
    "self": 0.013632799999868439,
    "children": {
        "run_training.setup": {
            "total": 0.1166904000000002,
            "count": 1,
            "self": 0.1166904000000002
        },
        "TrainerController.start_learning": {
            "total": 2066.9365949,
            "count": 1,
            "self": 2.6851156000075207,
            "children": {
                "TrainerController._reset_env": {
                    "total": 14.5883089,
                    "count": 1,
                    "self": 14.5883089
                },
                "TrainerController.advance": {
                    "total": 2049.432296599993,
                    "count": 103413,
                    "self": 2.0756645999704233,
                    "children": {
                        "env_step": {
                            "total": 1974.2412665000152,
                            "count": 103413,
                            "self": 1818.8376030000431,
                            "children": {
                                "SubprocessEnvManager._take_step": {
                                    "total": 153.83640599998617,
                                    "count": 103413,
                                    "self": 6.899425600000825,
                                    "children": {
                                        "TorchPolicy.evaluate": {
                                            "total": 146.93698039998534,
                                            "count": 100026,
                                            "self": 146.93698039998534
                                        }
                                    }
                                },
                                "workers": {
                                    "total": 1.5672574999858782,
                                    "count": 103413,
                                    "self": 0.0,
                                    "children": {
                                        "worker_root": {
                                            "total": 2049.935570799988,
                                            "count": 103413,
                                            "is_parallel": true,
                                            "self": 372.89412349995905,
                                            "children": {
                                                "steps_from_proto": {
                                                    "total": 0.0014839000000002045,
                                                    "count": 1,
                                                    "is_parallel": true,
                                                    "self": 0.001265000000001848,