{
    "name": "root",
    "gauges": {
        "CubeAgent.Policy.Entropy.mean": {
            "value": 1.4060477018356323,
            "min": 1.4060477018356323,
            "max": 1.4189382791519165,
            "count": 21
        },
        "CubeAgent.Policy.Entropy.sum": {
            "value": 2817.719482421875,
            "min": 2755.7294921875,
            "max": 2843.55224609375,
            "count": 21
        },
        "CubeAgent.Environment.EpisodeLength.mean": {
            "value": 49.1,
            "min": 49.1,
            "max": 49.1025641025641,
            "count": 21
        },
        "CubeAgent.Environment.EpisodeLength.sum": {
            "value": 1964.0,
            "min": 1915.0,
            "max": 1964.0,
            "count": 21
        },
        "CubeAgent.Step.mean": {
            "value": 41984.0,
            "min": 1954.0,
            "max": 41984.0,
            "count": 21
        },
        "CubeAgent.Step.sum": {
            "value": 41984.0,
            "min": 1954.0,
            "max": 41984.0,
            "count": 21
        },
        "CubeAgent.Policy.ExtrinsicValueEstimate.mean": {
            "value": -0.5896168351173401,
            "min": -1.3151233196258545,
            "max": -0.10978206247091293,
            "count": 21
        },
        "CubeAgent.Policy.ExtrinsicValueEstimate.sum": {
            "value": -23.584672927856445,
            "min": -51.28981018066406,
            "max": -4.391282558441162,
            "count": 21
        },
        "CubeAgent.Environment.CumulativeReward.mean": {
            "value": -1.2398028403520585,
            "min": -1.4947114303708076,
            "max": 0.32878862470388415,
            "count": 21
        },
        "CubeAgent.Environment.CumulativeReward.sum": {
            "value": -49.592113614082336,
            "min": -59.788457214832306,
            "max": 13.151544988155365,
            "count": 21
        },
        "CubeAgent.Policy.ExtrinsicReward.mean": {
            "value": -1.2398028403520585,
            "min": -1.4947114303708076,
            "max": 0.32878862470388415,
            "count": 21
        },
        "CubeAgent.Policy.ExtrinsicReward.sum": {
            "value": -49.592113614082336,
            "min": -59.788457214832306,
            "max": 13.151544988155365,
            "count": 21
        },
        "CubeAgent.IsTraining.mean": {
            "value": 1.0,
            "min": 1.0,
            "max": 1.0,
            "count": 21
        },
        "CubeAgent.IsTraining.sum": {
            "value": 1.0,
            "min": 1.0,
            "max": 1.0,
            "count": 21
        },
        "CubeAgent.Losses.PolicyLoss.mean": {
            "value": 0.052054778901037935,
            "min": 0.03521183310658671,
            "max": 0.05846507647947874,
            "count": 20
        },
        "CubeAgent.Losses.PolicyLoss.sum": {
            "value": 0.052054778901037935,
            "min": 0.03521183310658671,
            "max": 0.05846507647947874,
            "count": 20
        },
        "CubeAgent.Losses.ValueLoss.mean": {
            "value": 1.1100703794509172,
            "min": 0.16145938821136951,
            "max": 4.973109148442745,
            "count": 20
        },
        "CubeAgent.Losses.ValueLoss.sum": {
            "value": 1.1100703794509172,
            "min": 0.16145938821136951,
            "max": 4.973109148442745,
            "count": 20
        },
        "CubeAgent.Policy.LearningRate.mean": {
            "value": 0.000145224027388,
            "min": 0.000145224027388,
            "max": 0.00019726000137,
            "count": 20
        },
        "CubeAgent.Policy.LearningRate.sum": {
            "value": 0.000145224027388,
            "min": 0.000145224027388,
            "max": 0.00019726000137,
            "count": 20
        },
        "CubeAgent.Policy.Epsilon.mean": {
            "value": 0.172612,
            "min": 0.172612,
            "max": 0.19863,
            "count": 20
        },
        "CubeAgent.Policy.Epsilon.sum": {
            "value": 0.172612,
            "min": 0.172612,
            "max": 0.19863,
            "count": 20
        },
        "CubeAgent.Policy.Beta.mean": {
            "value": 0.005,
            "min": 0.005,
            "max": 0.005,
            "count": 20
        },
        "CubeAgent.Policy.Beta.sum": {
            "value": 0.005,
            "min": 0.005,
            "max": 0.005,
            "count": 20
        }
    },
    "metadata": {
        "timer_format_version": "0.1.0",
        "start_time_seconds": "1746901521",
        "python_version": "3.9.21 (main, Dec 11 2024, 16:35:24) [MSC v.1929 64 bit (AMD64)]",
        "command_line_arguments": "C:\\Users\\brent\\anaconda3\\envs\\ML_agents\\Scripts\\mlagents-learn config/CubeAgent.yaml --force --run-id=CubeAgent",
        "mlagents_version": "0.30.0",
        "mlagents_envs_version": "0.30.0",
        "communication_protocol_version": "1.5.0",
        "pytorch_version": "1.7.1+cu110",
        "numpy_version": "1.21.2",
        "end_time_seconds": "1746902478"
    },
    "total": 930.0006864,
    "count": 1,
    "self": 0.0079340999999431,
    "children": {
        "run_training.setup": {
            "total": 0.08919409999999983,
            "count": 1,
            "self": 0.08919409999999983
        },
        "TrainerController.start_learning": {
            "total": 929.9035582,
            "count": 1,
            "self": 1.2517262000002347,
            "children": {
                "TrainerController._reset_env": {
                    "total": 19.0646427,
                    "count": 1,
                    "self": 19.0646427
                },
                "TrainerController.advance": {
                    "total": 909.4696535999998,
                    "count": 44630,
                    "self": 1.1356449999892675,
                    "children": {
                        "env_step": {
                            "total": 874.1473687000063,
                            "count": 44630,
                            "self": 795.5437153000114,
                            "children": {
                                "SubprocessEnvManager._take_step": {
                                    "total": 77.8337401000068,
                                    "count": 44630,
                                    "self": 3.5433660000089304,
                                    "children": {
                                        "TorchPolicy.evaluate": {
                                            "total": 74.29037409999788,
                                            "count": 43842,
                                            "self": 74.29037409999788
                                        }
                                    }
                                },
                                "workers": {
                                    "total": 0.7699132999881044,
                                    "count": 44629,
                                    "self": 0.0,
                                    "children": {
                                        "worker_root": {
                                            "total": 912.2178641999986,
                                            "count": 44629,
                                            "is_parallel": true,
                                            "self": 190.30919419999088,
                                            "children": {
                                                "steps_from_proto": {
                                                    "total": 0.0009850000000000136,
                                                    "count": 1,
                                                    "is_parallel": true,
                                                    "self": 0.000288800000005196,